TripKey,TripNumber,dDate,Recorder,Vessel,TripData.TimeStart,TripData.TimeEnd,Camera,Beaufort,WindDirection,WindSpeed (mph),CloudPer,AirTemp (C),Surface Temp (C),20mTemp (C),Tide,Sightings?,WaveHeight (m),Gen Area,Visibility (km),SightingN,Species,GroupSize,SightingsData.TimeStart,SightingsData.TimeEnd,Latitude,Longitude,Range,Bearing,Comments
879,2,20-Aug-19,Sarah Rappaport,Atlanticat,2:30:00 PM,7:30:00 PM,Canon 60D,1,NW,2,0,19.1,12.2,10.6,Flood,TRUE,1,Grand Manan,2998.17,3,La,30,5:22:00 PM,5:32:00 PM,44.15,-67.09,800,30,
880,1,20-Aug-19,Nicole Pegg,Friendship V,1:00:00 PM,6:00:00 PM,Canon 60D,1,SE,2,0,19.9,12.6,11,Flood,TRUE,1,Grand Manan Banks,2.99817,1,La,75,2:17:00 PM,2:23:00 PM,44.18,-67.41,120,,
886,1,16-Jul-19,Grace Leary,Atlanticat,8:30:00 AM,1:00:00 PM,Canon 60D,1,WSW,4,5,14.5,11.9,9.1,,TRUE,0,grand manan,2990,3,La,1,,,44.15,67.14,,,
889,1,25-Jul-19,Grace Leary,Atlanticat,8:30:00 AM,12:00:00 PM,Canon 60D,2,NW,2.1,95,14.5,12.7,9.9,Slack,TRUE,2,Grand manan banks,10+,1,La,,10:39:00 AM,10:49:00 AM,44.17,-67.09,,,
892,1,28-Aug-19,Sarah Rappaport,Atlanticat,8:30:00 AM,1:00:00 PM,Canon 60D,1,SE,5,8,13.7,13,11,Flood,TRUE,1,Grand Manan,2843.19,1,Dd,30,10:38:00 AM,10:45:00 AM,44.13,-67.06,50,125,
895,1,23-Aug-19,Nicole Pegg,Atlanticat,8:30:00 AM,1:45:00 PM,Canon 60D,1,W,5,90,14.6,12.5,10.5,Ebb,TRUE,1,Grand Manan Banks,2.94651,2,La,50,10:40:00 AM,10:50:00 AM,44.14,-67.13,800,,
846,2,26-Jul-19,Sarah Rappaport,Atlanticat,2:30:00 PM,7:15:00 PM,Canon 60D,1,S,6,2,14.8,13.9,9.4,Flood,TRUE,1,Grand Manan,2.99336,1,La,50,4:06:00 PM,4:15:00 PM,44.12,67.17,150,340,
852,1,25-Jul-19,Brooke Davis,Friendship V,1:00:00 PM,6:00:00 PM,Canon 60D,1,NW,2,50,14.2,12.6,0,Flood,TRUE,1,Grand Manan Banks,,3,La,100,2:54:00 PM,3:00:00 PM,44.13,67.18,30,120,
856,1,26-Jul-19,Nicole Pegg,Friendship V,1:00:00 PM,6:10:00 PM,Canon 60D,1,SSW,7,0,15.1,13.8,9.5,Flood,TRUE,1,Grand Manan Banks,,3,La,70,2:52:00 PM,2:59:00 PM,44.13,-67.18,30,,
864,1,31-Jul-19,Brooke Davis,Friendship V,1:00:00 PM,6:00:00 PM,Canon 60D,2,SSW,7,100,17.1,15.3,,Ebb,TRUE,0,Grand Manan Banks,4.00,1,La,100,2:57:00 PM,4:11:00 PM,44.12,67.13,500,110,
8,2,14-Sep-21,Abigail Simms,Atlanticat,8:30:00 AM,12:00:00 PM,Canon 60D,2,SW,10,,13.2,10.8,8.6,,TRUE,1,Ballpark,,2,La,20,1:34:00 PM,1:35:00 PM,44.04,67.74,100,25,
8,2,14-Sep-21,Abigail Simms,Atlanticat,8:30:00 AM,12:00:00 PM,Canon 60D,2,SW,10,,13.2,10.8,8.6,,TRUE,1,Ballpark,,2,La,100,10:20:00 AM,10:30:00 AM,44.12,67.81,100,160,
118,1,14-Aug-15,Amanda Liebau,Atlanticat,8:30:00 AM,12:20:00 PM,Canon 40D,2,NW,4,0,14,11.1,10.3,Flood,TRUE,3,,,1,La,200,10:37:00 AM,10:50:00 AM,44.34,67.33,800,130,
121,1,15-Aug-15,Amanda Liebau,Friendship V,8:30:00 AM,12:10:00 PM,Canon 40D,2,SSW,7,40,13.9,11.6,10,Flood,TRUE,3,,,1,La,3,9:50:00 AM,10:00:00 AM,44.23,67.63,300,150,
152,2,05-Sep-15,Amanda Liebau,Friendship V,1:00:00 PM,4:00:00 PM,Canon 40D,1,SW,8,10,14.3,12.5,10.7,Slack,TRUE,1,,,1,La,50,2:10:00 PM,2:20:00 PM,44.08,68.00,1000,180,
152,2,05-Sep-15,Amanda Liebau,Friendship V,1:00:00 PM,4:00:00 PM,Canon 40D,1,SW,8,10,14.3,12.5,10.7,Slack,TRUE,1,,,2,La,100,2:28:00 PM,2:36:00 PM,44.03,67.75,1000,120,
156,1,12-Sep-15,Amanda Liebau,Friendship V,6:00:00 AM,2:00:00 PM,Canon 40D,2,N,13,100,13.1,12.2,11.9,Flood,TRUE,3,,,2,La,100,9:18:00 AM,9:19:00 AM,44.17,67.22,500,90,
157,1,18-Sep-15,Amanda Liebau,Atlanticat,12:00:00 PM,4:00:00 PM,Canon 40D,1,SSW,6,0,16.2,13.6,12.5,Flood,TRUE,1,,,1,La,100,2:10:00 PM,2:25:00 PM,43.99,67.95,300,330,
158,1,23-Sep-15,Amanda Liebau,Atlanticat,12:00:00 PM,4:00:00 PM,Canon 40D,2,N,2,30,14,12.9,11.9,Ebb,TRUE,3,,,1,La,150,2:00:00 AM,2:20:00 PM,44.15,67.48,300,215,
177,1,20-Jun-14,Anastasia Czarnecki,Friendship V,8:30:00 AM,12:00:00 PM,Canon 40D,1,NW,7,20,11.2,9,7.3,Ebb,TRUE,1,,,1,La,300,10:43:00 AM,11:07:00 AM,44.01,-67.67,100,320,
249,2,07-Aug-14,Anastasia Czarnecki,Friendship V,1:00:00 PM,4:00:00 PM,Canon 40D,1,,0,10,0,0,0,,TRUE,,,,5,La,1,2:14:00 PM,2:23:00 PM,44.21,-67.66,800,160,
259,2,10-Aug-14,Marina Cucuzza,Friendship V,1:00:00 PM,4:00:00 PM,Canon 40D,1,NE,6,35,13.6,12.4,10.2,Ebb,TRUE,0,,,1,La,2,1:00:00 PM,4:00:00 PM,44.21,-67.78,100,,
278,3,19-Aug-14,Keri Smith,Friendship V,4:30:00 PM,8:30:00 PM,Canon 30D,2,SW,10,5,14,13,10,Slack,TRUE,0,,,2,La,200,6:20:00 PM,6:31:00 PM,43.99,-68.09,400,245,
291,3,24-Aug-14,Keri Smith,Friendship V,4:30:00 PM,8:30:00 PM,Canon 30D,2,SSW,7,20,15.6,12.9,10.6,Flood,TRUE,1,,,1,La,200,5:40:00 PM,5:50:00 PM,44.13,-67.95,,,
292,1,25-Aug-14,Keri Smith,Friendship V,8:30:00 AM,12:30:00 PM,Canon 30D,2,SW,4,20,14.9,13.5,10.7,Flood,TRUE,1,,,1,La,100,10:08:00 AM,10:17:00 AM,44.15,44.09,50,80,
293,2,25-Aug-14,Keri Smith,Friendship V,1:00:00 PM,4:00:00 PM,Canon 30D,2,SSE,3,35,15.8,12.9,11.1,Ebb,TRUE,1,,,1,La,1,3:03:00 PM,3:30:00 PM,44.06,-68.10,100,55,
294,3,25-Aug-14,Keri Smith,Friendship V,4:30:00 PM,9:00:00 PM,Canon 30D,2,SSW,6,40,15.8,13.5,10.7,Flood,TRUE,1,,,1,La,100,5:51:00 AM,9:00:00 PM,44.30,-67.45,800,100,
299,,30-Aug-14,Keri Smith,Friendship V,1:00:00 PM,5:00:00 PM,Canon 40D,1,S,9,64,60,55,51,Ebb,TRUE,4,,,1,La,250,2:12:00 PM,2:29:00 PM,43.98,-68.10,120,30,
304,1,07-Sep-14,Julie Sharp,Atlanticat,11:00:00 AM,,Canon 40D,1,N,11,5,14.3,13.3,11.4,,TRUE,1,,,3,La,150,12:15:00 PM,12:45:00 PM,44.02,-68.13,100,60,
305,1,08-Sep-14,Julie Sharp,Friendship V,12:00:00 PM,,Canon 40D,3,NNE,9,0,13.7,13.3,12.2,,TRUE,0,,,1,La,500,12:45:00 PM,12:51:00 PM,44.24,-67.84,100,120,
305,1,08-Sep-14,Julie Sharp,Friendship V,12:00:00 PM,,Canon 40D,3,NNE,9,0,13.7,13.3,12.2,,TRUE,0,,,,La,200,,,0.00,0.00,,,
306,1,09-Sep-14,Julie Sharp,Atlanticat,11:00:00 AM,,Canon 40D,3,NE,12,10,12.8,12.9,12,,TRUE,1,,,1,Tt,100,1:20:00 PM,1:40:00 PM,44.03,-67.83,75,,
313,1,16-Sep-14,Julie Sharp,Atlanticat,12:00:00 PM,,Canon 30D,0,SW,6,100,12.9,11.8,11.7,,TRUE,,,,1,La,75,1:13:00 AM,1:25:00 AM,44.11,67.87,100,290,
313,1,16-Sep-14,Julie Sharp,Atlanticat,12:00:00 PM,,Canon 30D,0,SW,6,100,12.9,11.8,11.7,,TRUE,,,,6,La,1,3:05:00 AM,3:06:00 PM,44.02,67.82,50,270,
314,1,18-Sep-14,Keri Smith,Atlanticat,12:00:00 PM,3:45:00 PM,Canon 10D,2,SW,9,15,13.1,12.3,11.6,Slack,TRUE,2,,,1,La,100,1:22:00 PM,1:30:00 PM,43.92,68.06,300,,
321,1,25-Sep-14,Keri Smith,Atlanticat,12:00:00 PM,4:00:00 PM,Canon 30D,2,,5,50,13.3,12.4,12.1,Ebb,TRUE,0,,,2,La,100,2:46:00 PM,3:55:00 PM,44.15,-67.82,1400,345,
322,1,06-Oct-14,Keri Smith,Atlanticat,12:00:00 PM,,Canon 10D,2,SSW,9,5,13.8,12.9,12.6,Ebb,TRUE,1,,,1,La,20,2:45:00 PM,3:01:00 PM,44.17,-67.67,200,,
361,1,12-Jul-16,Teagan White,Friendship V,8:00:00 AM,12:30:00 AM,Canon 40D,2,SW,4,70,12.6,11.9,11.9,Ebb,TRUE,1,,,1,La,3,10:02:00 AM,10:05:00 AM,44.25,67.83,,,
393,3,21-Jul-16,Teagan White,Friendship V,4:30:00 PM,7:30:00 PM,Canon 40D,3,SW,6,100,15,12.5,11.2,Ebb,TRUE,0,,,3,La,7,5:23:00 PM,,44.13,67.82,,,
430,1,13-Aug-16,Teagan White,Friendship V,8:30:00 AM,12:00:00 PM,Canon 40D,2,NNW,9,100,14.7,13.7,13.4,Ebb,TRUE,1,,,2,La,10,9:26:00 AM,,44.20,67.76,,,
430,1,13-Aug-16,Teagan White,Friendship V,8:30:00 AM,12:00:00 PM,Canon 40D,2,NNW,9,100,14.7,13.7,13.4,Ebb,TRUE,1,,,9,La,6,10:35:00 AM,,44.19,67.77,,,
435,1,03-Aug-16,Francesca Gundrum,Atlanticat,8:33:00 AM,11:45:00 AM,Canon 40D,1,SSE,3,5,13.9,12.4,12.1,Flood,TRUE,0,,,1,La,250,10:06:00 AM,10:19:00 AM,44.08,-67.53,500,150,
436,1,19-Aug-16,Haley Saxe,Atlanticat,8:30:00 AM,12:15:00 PM,Canon 40D,2,NW,5,0,16.1,13.9,12.2,Flood,TRUE,1,,,2,La,50,11:15:00 AM,11:20:00 AM,44.16,67.82,1000,150,
444,3,03-Aug-16,Francesca Gundrum,Atlanticat,4:43:00 PM,7:15:00 PM,Canon 40D,2,SSE,3,10,16.4,13.3,12,Ebb,TRUE,1,,,4,La,20,5:39:00 PM,5:41:00 PM,44.06,67.53,200,90,
447,3,09-Aug-16,Francesca Gundrum,Atlanticat,4:50:00 PM,7:45:00 PM,Canon 40D,2,,11,90,15.7,13.8,13,Slack,TRUE,1,,,5,La,200,6:30:00 PM,7:10:00 PM,44.08,67.56,500,80,
468,1,22-Aug-16,Francesca Gundrum,Atlanticat,4:35:00 PM,7:45:00 PM,Canon 40D,5,E,5,25,14.3,12.7,12.4,Flood,TRUE,0,,,1,La,300,5:21:00 PM,5:45:00 PM,44.04,67.50,200,150,
469,1,24-Aug-16,Francesca Gundrum,Friendship V,8:35:00 AM,11:45:00 AM,Canon 40D,2,W,7,0,14.6,13.3,12.3,Ebb,TRUE,0,,,1,La,300,9:20:00 AM,9:36:00 AM,44.09,67.50,2000,180,
471,3,24-Aug-16,Francesca Gundrum,Friendship V,4:41:00 PM,7:25:00 PM,Canon 40D,2,,8,40,15.2,13.5,12.8,Slack,TRUE,8,,,2,La,400,5:45:00 PM,7:00:00 PM,44.08,67.50,250,80,
474,1,27-Aug-16,Francesca Gundrum,Atlanticat,8:35:00 AM,11:45:00 AM,Canon 40D,1,NW,4,5,16.8,14.3,13.2,Slack,TRUE,0,,,1,La,75,9:14:00 AM,9:27:00 AM,44.11,67.53,500,330,
480,1,03-Sep-16,Francesca Gundrum,Atlanticat,8:35:00 AM,11:35:00 AM,Canon 40D,0,NNW,5,10,14.3,13.5,13.1,Flood,TRUE,1,,,1,La,30,9:06:00 AM,9:10:00 AM,44.12,-68.08,300,60,
490,1,22-Sep-16,Krisy Kelley,Atlanticat,12:00:00 PM,4:00:00 PM,Canon 40D,1,W,3,5,15,13.6,12.8,Flood,TRUE,1,,,3,La,20,1:32:00 PM,1:41:00 PM,44.06,68.10,274,210,
500,1,06-Oct-16,Krisy Kelley,Atlanticat,12:00:00 PM,4:00:00 PM,Canon 40D,2,SW,4,0,12.8,12.4,12.3,Flood,TRUE,1,,,1,La,80,12:49:00 PM,12:58:00 PM,44.09,68.24,805,270,
503,1,11-Oct-16,Krisy Kelley,Atlanticat,12:00:00 PM,3:30:00 PM,Canon 40D,1,NNW,14,0,10.2,12.3,12.3,Slack,TRUE,1,,,3,La,200,1:52:00 PM,2:05:00 PM,44.00,-68.07,805,270,
575,2,31-Jul-17,Liz Virgl,Atlanticat,1:51:00 PM,3:09:00 PM,Canon 60D,1,SW,9,5,13.6,11.9,0,Slack,TRUE,1,,,2,La,30,2:01:00 PM,3:05:00 AM,44.12,67.82,,,
588,2,30-Jul-17,Natalie Hunter,Atlanticat,1:10:00 PM,5:00:00 PM,Canon 60D,1,SSW,6,10,17.6,11.4,,Flood,TRUE,0,,,3,La,100,3:33:00 PM,3:42:00 PM,44.07,67.15,91,60,
590,2,03-Aug-17,Liz Virgl,Friendship V,2:14:00 PM,3:17:00 PM,Canon 60D,0,S,8,70,15.9,14.5,0,Ebb,TRUE,1,,,2,Pp,8,2:27:00 PM,2:54:00 PM,43.97,68.05,800,330,
595,1,08-Aug-17,Natalie Hunter,Friendship V,4:30:00 PM,8:45:00 PM,Canon 60D,1,SW,3,50,14.7,12.7,,Ebb,TRUE,1,,,2,La,100,6:16:00 PM,6:31:00 PM,43.95,67.93,402,135,
595,1,08-Aug-17,Natalie Hunter,Friendship V,4:30:00 PM,8:45:00 PM,Canon 60D,1,SW,3,50,14.7,12.7,,Ebb,TRUE,1,,,3,La,60,7:00:00 PM,7:04:00 PM,44.08,67.80,46,5,
596,1,07-Aug-17,Emma Ober,Friendship V,8:30:00 AM,12:00:00 PM,Canon 60D,2,SW,7,0,14.4,12.8,0,Flood,TRUE,1,,,1,La,80,10:04:00 AM,10:20:00 AM,44.14,67.84,270,100,
596,1,07-Aug-17,Emma Ober,Friendship V,8:30:00 AM,12:00:00 PM,Canon 60D,2,SW,7,0,14.4,12.8,0,Flood,TRUE,1,,,2,La,150,10:35:00 AM,10:48:00 AM,44.14,67.84,50,303,
597,2,07-Aug-17,Emma Ober,Friendship V,1:00:00 PM,4:00:00 PM,Canon 60D,3,SSW,5,30,15,13.1,0,Ebb,TRUE,1,,,1,La,200,2:10:00 PM,2:40:00 PM,44.14,67.83,150,130,
597,2,07-Aug-17,Emma Ober,Friendship V,1:00:00 PM,4:00:00 PM,Canon 60D,3,SSW,5,30,15,13.1,0,Ebb,TRUE,1,,,2,La,,2:55:00 PM,3:00:00 PM,44.14,67.83,60,,
551,2,14-Jul-17,Emma Ober,Friendship V,1:00:00 PM,3:30:00 PM,Canon 60D,0,NNE,1,80,14,10.4,0,Flood,TRUE,1,,,,La,,2:00:00 AM,2:03:00 AM,44.19,67.69,,,
555,3,15-Jul-17,Lauri Leach,Friendship V,4:40:00 PM,8:10:00 PM,Canon 60D,1,E,2,25,13.5,10.2,0,Ebb,TRUE,1,,,2,La,25,6:04:00 PM,6:18:00 PM,43.90,68.17,600,120,
559,3,22-Jul-17,Liz Virgl,Atlanticat,5:38:00 PM,7:10:00 PM,Canon 60D,1,SSW,6,60,14.5,12.2,0,Flood,TRUE,0,,,1,La,20,6:26:00 PM,6:43:00 PM,43.89,-67.86,500,100,
570,1,26-Jul-17,Lauri Leach,Atlanticat,8:35:00 AM,12:05:00 PM,Canon 60D,2,NE,3,0,13.6,10.4,0,Flood,TRUE,1,,,1,La,200,10:00:00 AM,,44.07,68.23,800,150,
598,3,07-Aug-17,Emma Ober,Friendship V,4:30:00 PM,7:40:00 PM,Canon 60D,2,SSW,10,40,15.7,12.4,0,Slack,TRUE,1,,,1,La,,5:36:00 PM,5:47:00 PM,44.00,68.13,150,22,
598,3,07-Aug-17,Emma Ober,Friendship V,4:30:00 PM,7:40:00 PM,Canon 60D,2,SSW,10,40,15.7,12.4,0,Slack,TRUE,1,,,2,La,,6:02:00 PM,6:15:00 PM,43.92,68.04,60,240,
599,1,10-Aug-17,Emma Ober,Friendship V,8:30:00 AM,12:15:00 PM,Canon 60D,1,SSW,4,10,14.4,12.6,0,Flood,TRUE,1,,,1,La,30,10:33:00 AM,10:41:00 AM,44.14,67.83,50,55,
603,2,11-Aug-17,Lauri Leach,Atlanticat,1:15:00 PM,4:30:00 PM,Canon 60D,1,SSE,3,70,17.6,13.5,0,Ebb,TRUE,0,,,5,La,5,3:29:00 PM,3:34:00 PM,44.06,67.97,150,300,
606,1,12-Aug-17,Natalie Hunter,Atlanticat,8:30:00 AM,1:30:00 AM,Canon 60D,2,NE,6,100,12.4,11.8,,Slack,TRUE,0,,,1,La,25,10:18:00 AM,10:29:00 AM,44.17,67.66,6,70,
607,1,16-Aug-17,Emma Ober,Atlanticat,8:30:00 AM,12:15:00 PM,Canon 60D,3,WNW,4,10,15.1,12.3,0,Ebb,TRUE,1,,,1,La,70,10:20:00 AM,10:35:00 AM,44.14,67.83,1000,100,
608,2,16-Aug-17,Emma Ober,Atlanticat,1:00:00 PM,3:45:00 PM,Canon 60D,2,WNW,5,40,18,13.6,0,Ebb,TRUE,1,,,2,La,40,2:38:00 PM,2:47:00 PM,44.14,67.83,20,135,
609,3,16-Aug-17,Emma Ober,Atlanticat,4:30:00 PM,8:21:00 PM,Canon 60D,3,WNW,7,30,17.2,13.1,0,Slack,TRUE,1,,,1,La,30,7:00:00 PM,7:30:00 PM,44.14,67.83,200,330,
611,1,14-Aug-17,Natalie Hunter,Atlanticat,8:37:00 AM,12:18:00 PM,Canon 60D,1,SW,6,30,15.1,11.8,,Ebb,FALSE,1,,,1,La,15,10:16:00 AM,10:22:00 AM,44.16,67.76,6,310,
612,2,14-Aug-17,Natalie Hunter,Atlanticat,1:07:00 PM,3:40:00 PM,Canon 60D,2,SW,8,50,14.3,12.1,,Flood,TRUE,1,,,2,La,50,2:00:00 PM,2:55:00 PM,44.13,67.85,15,150,
615,1,18-Aug-17,Liz Virgl,Atlanticat,9:54:00 AM,11:11:00 AM,Canon 60D,1,ESE,7,99,13.6,11.6,0,Ebb,TRUE,1,,,1,La,30,10:45:00 AM,10:51:00 AM,44.08,67.87,300,150,
616,2,18-Aug-17,Liz Virgl,Atlanticat,1:48:00 PM,3:03:00 PM,Canon 60D,2,SE,8,100,13.5,11.7,0,Slack,TRUE,1,,,1,La,200,2:00:00 PM,2:10:00 PM,44.04,68.16,800,50,
622,1,28-Aug-17,Lauri Leach,Friendship V,8:30:00 AM,11:35:00 AM,Canon 60D,2,NE,7,0,12.7,12.6,0,Ebb,TRUE,0,,,1,La,10,9:16:00 AM,9:25:00 AM,44.14,67.86,400,130,
622,1,28-Aug-17,Lauri Leach,Friendship V,8:30:00 AM,11:35:00 AM,Canon 60D,2,NE,7,0,12.7,12.6,0,Ebb,TRUE,0,,,2,La,100,9:35:00 AM,9:44:00 AM,44.11,67.83,1600,270,
622,1,28-Aug-17,Lauri Leach,Friendship V,8:30:00 AM,11:35:00 AM,Canon 60D,2,NE,7,0,12.7,12.6,0,Ebb,TRUE,0,,,5,La,15,10:50:00 AM,10:50:00 AM,44.14,67.85,100,0,
625,1,29-Aug-17,Lauri Leach,Friendship V,8:30:00 AM,12:00:00 PM,Canon 60D,1,S,2,40,14.2,11.7,0,Ebb,TRUE,0,,,2,La,12,9:46:00 AM,9:55:00 AM,44.11,67.83,400,160,
629,2,30-Aug-17,Lauri Leach,Friendship V,1:00:00 PM,4:25:00 PM,Canon 60D,2,NE,7,100,12.6,11.9,0,Flood,TRUE,1,,,1,La,200,3:09:00 PM,3:24:00 PM,43.97,68.11,1600,170,
631,3,26-Aug-17,Liz Virgl,Friendship V,5:16:00 PM,6:33:00 PM,Canon 60D,2,SW,9,50,15.1,12.8,0,Ebb,TRUE,0,,,1,La,50,5:21:00 PM,5:24:00 PM,44.17,67.87,120,330,
631,3,26-Aug-17,Liz Virgl,Friendship V,5:16:00 PM,6:33:00 PM,Canon 60D,2,SW,9,50,15.1,12.8,0,Ebb,TRUE,0,,,4,La,200,5:50:00 PM,6:33:00 PM,44.12,67.80,,,
633,1,27-Aug-17,Liz Virgl,Friendship V,9:13:00 AM,11:20:00 AM,Canon 60D,0,NNE,3,30,13.5,11.3,0,Ebb,TRUE,0,,,1,La,100,9:18:00 AM,9:25:00 AM,44.13,67.68,50,120,
633,1,27-Aug-17,Liz Virgl,Friendship V,9:13:00 AM,11:20:00 AM,Canon 60D,0,NNE,3,30,13.5,11.3,0,Ebb,TRUE,0,,,2,Pp,30,10:20:00 AM,10:25:00 AM,44.25,67.68,50,120,
633,1,27-Aug-17,Liz Virgl,Friendship V,9:13:00 AM,11:20:00 AM,Canon 60D,0,NNE,3,30,13.5,11.3,0,Ebb,TRUE,0,,,3,La,50,10:46:00 AM,10:50:00 AM,44.13,67.82,100,30,
634,1,03-Sep-17,Lauri Leach,Atlanticat,8:30:00 AM,11:50:00 AM,Canon 60D,4,SE,11,100,13.2,11.8,0,Slack,TRUE,0,,,2,La,5,9:33:00 AM,9:42:00 AM,44.16,-67.86,50,170,
824,2,29-Jun-19,Nicole Pegg,Friendship V,1:00:00 PM,5:40:00 PM,Canon 60D,1,NE,4,100,11.3,9.8,7.5,Ebb,TRUE,0,Grand Manan,2.92729,1,Lal,10,2:45:00 PM,2:50:00 PM,44.23,-67.68,60,,
828,1,02-Jul-19,Nicole Pegg,Atlanticat,8:30:00 AM,12:20:00 PM,Canon 60D,1,WSW,7,0,11.4,9.7,8.2,Flood,TRUE,0,Ballpark,2.91287,1,La,30,10:30:00 AM,10:41:00 AM,44.05,67.80,60,240,
828,1,02-Jul-19,Nicole Pegg,Atlanticat,8:30:00 AM,12:20:00 PM,Canon 60D,1,WSW,7,0,11.4,9.7,8.2,Flood,TRUE,0,Ballpark,2.91287,2,La,70,10:54:00 AM,11:18:00 AM,44.03,67.85,30,200,
636,1,02-Sep-17,Natalie Hunter,Friendship V,8:30:00 AM,12:15:00 PM,Canon 60D,2,WNW,7,10,12.8,11.8,,Ebb,TRUE,1,,,1,La,150,9:39:00 AM,9:55:00 AM,44.17,67.66,6,50,
636,1,02-Sep-17,Natalie Hunter,Friendship V,8:30:00 AM,12:15:00 PM,Canon 60D,2,WNW,7,10,12.8,11.8,,Ebb,TRUE,1,,,2,La,200,10:50:00 AM,11:04:00 AM,44.05,67.87,30,20,
637,2,02-Sep-17,Natalie Hunter,Friendship V,1:00:00 PM,4:30:00 PM,Canon 60D,2,SSW,9,5,13.7,12.4,,Ebb,TRUE,0,,,2,La,300,3:39:00 PM,3:46:00 PM,44.07,67.82,800,270,
639,1,21-Aug-17,Natalie Hunter,Atlanticat,8:35:00 AM,12:00:00 PM,Canon 60D,1,WSW,4,10,14.6,12.1,,Flood,TRUE,1,,,1,La,200,9:30:00 AM,9:45:00 AM,44.12,67.79,400,35,
639,1,21-Aug-17,Natalie Hunter,Atlanticat,8:35:00 AM,12:00:00 PM,Canon 60D,1,WSW,4,10,14.6,12.1,,Flood,TRUE,1,,,2,La,150,10:08:00 AM,10:24:00 AM,44.13,67.70,100,70,
639,1,21-Aug-17,Natalie Hunter,Atlanticat,8:35:00 AM,12:00:00 PM,Canon 60D,1,WSW,4,10,14.6,12.1,,Flood,TRUE,1,,,3,La,250,10:30:00 AM,10:37:00 AM,44.19,67.65,50,15,
641,3,21-Aug-17,Natalie Hunter,Atlanticat,4:50:00 PM,9:00:00 PM,Canon 60D,1,W,4,5,13.8,,,Ebb,TRUE,,,,1,La,50,6:05:00 PM,6:12:00 PM,44.15,67.43,200,315,
642,1,22-Aug-17,Natalie Hunter,Friendship V,8:35:00 AM,12:18:00 PM,Canon 60D,1,,0,5,0,0,0,,TRUE,,,,1,La,50,9:40:00 AM,9:47:00 AM,44.19,67.57,15,50,
642,1,22-Aug-17,Natalie Hunter,Friendship V,8:35:00 AM,12:18:00 PM,Canon 60D,1,,0,5,0,0,0,,TRUE,,,,3,La,,10:15:00 AM,10:40:00 AM,44.39,-67.07,30,27,
645,1,12-Sep-17,Lauri Leach,Atlanticat,12:05:00 PM,3:45:00 PM,Canon 60D,3,SW,10,40,14,12.2,0,Flood,TRUE,0,,,1,Tt,,2:00:00 PM,2:08:00 PM,43.79,67.90,600,90,
649,1,14-Sep-17,Lauri Leach,Atlanticat,12:00:00 PM,5:35:00 PM,Canon 60D,2,SW,7,50,14.6,13.6,0,Flood,TRUE,1,,,1,La,50,1:03:00 PM,1:15:00 PM,44.20,67.60,400,270,
649,1,14-Sep-17,Lauri Leach,Atlanticat,12:00:00 PM,5:35:00 PM,Canon 60D,2,SW,7,50,14.6,13.6,0,Flood,TRUE,1,,,2,La,,1:28:00 PM,1:31:00 PM,44.18,67.45,400,115,
650,1,03-Oct-17,Liz Virgl,Atlanticat,1:00:00 PM,3:45:00 PM,Canon 60D,3,ESE,3,20,11.7,12.1,0,Ebb,TRUE,0,,,1,La,100,1:40:00 PM,1:50:00 PM,44.10,67.39,15,330,
656,1,07-Jun-18,Zoe Wong,Friendship V,12:05:00 PM,6:00:00 PM,Canon 60D,3,S,9,33,10.4,9.6,7.2,Slack,TRUE,0,Grand Manan,,1,Lal,4,2:19:00 PM,2:25:00 PM,44.12,-67.24,30,30,
946,1,12-Sep-19,Anne Harshbarger,Atlanticat,12:00:00 PM,3:00:00 PM,Canon 60D,1,NNE,9,100,13.6,13.1,12,Ebb,TRUE,0,Ballpark,2.99,1,La,,1:12:00 PM,1:23:00 PM,44.12,-67.85,200,210,
946,1,12-Sep-19,Anne Harshbarger,Atlanticat,12:00:00 PM,3:00:00 PM,Canon 60D,1,NNE,9,100,13.6,13.1,12,Ebb,TRUE,0,Ballpark,2.99,3,La,,1:36:00 PM,2:00:00 PM,44.18,-67.02,100,165,
947,1,14-Sep-19,Anne Harshbarger,Atlanticat,6:00:00 AM,2:00:00 PM,Canon 60D,3,SSW,16,10,13.4,12,11.7,Flood,TRUE,1,Ballpark,2.77,2,La,,12:10:00 PM,12:12:00 PM,44.33,-67.39,1600,45,
948,1,25-Sep-19,Sarah Rappaport,Atlanticat,12:00:00 PM,3:30:00 PM,Canon 60D,1,NW,8,60,13.3,13.2,11.9,Slack,TRUE,1,Ballpark; Mount Desert Rock,2998.17,1,La,15,2:26:00 PM,3:03:00 PM,43.94,-68.18,200,230,
949,1,26-Sep-19,Sarah Rappaport,Atlanticat,12:00:00 PM,4:00:00 PM,Canon 60D,1,S,10,35,14.5,13.1,11.9,Slack,TRUE,1,Mount Desert Rock; Outer Schoodic Ridges; Ballpark,2947.71,1,Dd,10,2:10:00 AM,2:13:00 PM,44.06,-67.74,20,180,
949,1,26-Sep-19,Sarah Rappaport,Atlanticat,12:00:00 PM,4:00:00 PM,Canon 60D,1,S,10,35,14.5,13.1,11.9,Slack,TRUE,1,Mount Desert Rock; Outer Schoodic Ridges; Ballpark,2947.71,2,La,15,2:33:00 PM,2:48:00 PM,44.15,-67.83,100,125,
952,1,19-Sep-19,Anne Harshbarger,Atlanticat,12:00:00 PM,3:30:00 PM,Canon 60D,1,WSW,1,0,13.1,12.4,11.6,Flood,TRUE,0,Ballpark,2.99,2,La,,2:00:00 PM,2:16:00 PM,44.05,-67.66,400,315,
952,1,19-Sep-19,Anne Harshbarger,Atlanticat,12:00:00 PM,3:30:00 PM,Canon 60D,1,WSW,1,0,13.1,12.4,11.6,Flood,TRUE,0,Ballpark,2.99,3,La,,2:42:00 PM,2:43:00 PM,44.15,-67.85,300,135,
953,1,20-Sep-19,Anne Harshbarger,Atlanticat,12:00:00 PM,4:20:00 PM,Canon 60D,2,WSW,10,5,13.5,12.1,11.5,Flood,TRUE,0,"Ballpark, Outer Schoodic Ridges, Jones Ground",2.98,1,La,,1:20:00 PM,1:44:00 PM,44.07,-67.74,,,
954,1,22-Sep-19,Anne Harshbarger,Atlanticat,12:00:00 PM,4:00:00 PM,Canon 60D,1,SW,8,10,14.9,13.1,12.2,Flood,TRUE,0,"South of Egg Rock, MDR, Ballpark",2.96,2,La,,2:52:00 PM,3:03:00 PM,44.15,-67.82,,,
955,1,27-Sep-19,Anne Harshbarger,Atlanticat,12:00:00 PM,4:15:00 PM,Canon 60D,2,WSW,11,5,13.8,13.1,11.9,Ebb,TRUE,1,"Ballpark, Outer Schoodic ridges, Jones Ground",2.93,1,Gg,,2:40:00 PM,3:00:00 PM,44.08,-67.55,200,50,
764,1,14-Aug-18,Abby Shaughnessy,Atlanticat,8:30:00 AM,1:00:00 AM,Canon 60D,1,NE,10.4,100,14.2,13.4,11.6,Flood,TRUE,0,Ballpark,,1,La,20,11:00:00 AM,11:10:00 AM,44.12,67.83,15,120,
765,1,15-Aug-18,Abby Shaughnessy,Atlanticat,1:00:00 AM,4:30:00 AM,Canon 60D,1,SSW,5.1,100,15.4,12.4,11.5,Flood,TRUE,1,Ballpark,,2,La,20,3:30:00 AM,3:45:00 AM,44.13,67.82,7,120,
766,1,17-Aug-18,Abby Shaughnessy,Atlanticat,8:30:00 AM,1:45:00 AM,Canon 60D,1,NE,5.8,5,13.9,12.8,11.6,Slack,TRUE,1,Ballpark,,3,La,,10:10:00 AM,10:30:00 AM,44.13,67.83,,,
766,1,17-Aug-18,Abby Shaughnessy,Atlanticat,8:30:00 AM,1:45:00 AM,Canon 60D,1,NE,5.8,5,13.9,12.8,11.6,Slack,TRUE,1,Ballpark,,8,La,,12:30:00 PM,12:45:00 PM,44.26,68.35,,,
767,1,26-Aug-18,Hedda Samuelson,Atlanticat,8:30:00 AM,11:30:00 AM,Canon 60D,1,S,5.7,5,15.7,14.2,11.8,Flood,TRUE,2,Ballpark,,3,La,150,9:49:00 AM,10:38:00 AM,44.80,68.04,800,120,
767,1,26-Aug-18,Hedda Samuelson,Atlanticat,8:30:00 AM,11:30:00 AM,Canon 60D,1,S,5.7,5,15.7,14.2,11.8,Flood,TRUE,2,Ballpark,,4,Dd,10,10:36:00 AM,10:38:00 AM,44.80,68.04,1,60,
769,1,28-Aug-18,Zoe Wong,Friendship V,8:30:00 AM,12:00:00 PM,Canon 60D,2,S,8.1,50,16.6,14.4,12.2,Flood,TRUE,1,Ballpark,,1,La,40,9:19:00 AM,9:25:00 AM,44.34,67.93,0,255,
769,1,28-Aug-18,Zoe Wong,Friendship V,8:30:00 AM,12:00:00 PM,Canon 60D,2,S,8.1,50,16.6,14.4,12.2,Flood,TRUE,1,Ballpark,,2,La,20,9:34:00 AM,9:40:00 AM,44.11,67.81,1600,105,
771,2,17-Aug-18,Abby Shaughnessy,Atlanticat,2:30:00 PM,5:00:00 PM,Canon 60D,1,NE,7.6,55,13.6,13.5,11.5,Flood,TRUE,1,Ballpark,,3,La,150,3:22:00 PM,4:20:00 AM,44.05,68.13,,,
775,1,30-Aug-18,Zoe Wong,Atlanticat,8:30:00 AM,11:30:00 AM,Canon 60D,0,W,2.5,95,18.1,14.9,12,Flood,TRUE,1,Ballpark,,1,La,100,9:20:00 AM,9:30:00 AM,44.13,67.81,65,135,
775,1,30-Aug-18,Zoe Wong,Atlanticat,8:30:00 AM,11:30:00 AM,Canon 60D,0,W,2.5,95,18.1,14.9,12,Flood,TRUE,1,Ballpark,,3,La,40,9:40:00 AM,9:40:00 AM,44.13,67.82,100,70,
777,1,19-Aug-18,Abby Shaughnessy,Friendship V,8:30:00 AM,12:00:00 PM,Canon 60D,2,NNE,13.5,15,14.5,12.7,11.6,Slack,TRUE,0,Ballpark,,2,La,50,9:25:00 AM,10:30:00 AM,44.04,68.12,,,
779,1,31-Aug-18,Trevor Barclay,Friendship V,8:32:00 AM,11:30:00 AM,Canon 60D,1,N,8.1,70,14.4,13.3,12.2,Slack,TRUE,1,Ballpark,,1,La,50,9:33:00 AM,9:35:00 AM,44.12,67.80,10,150,
713,1,21-Jul-18,Hedda Samuelson,Atlanticat,1:00:00 PM,6:00:00 PM,Canon 60D,1,SE,1.8,75,13.9,13.2,10,Slack,TRUE,1,Grand Manan,,1,La,20,2:37:00 PM,,44.38,67.25,,,
715,1,22-Jul-18,Abby Shaughnessy,Atlanticat,8:30:00 AM,1:00:00 PM,Canon 60D,1,NE,7.76,100,12.9,12.6,10,Ebb,TRUE,1,East Bumps,,1,La,100,11:10:00 AM,11:30:00 AM,44.14,67.83,16,330,
716,1,20-Jul-18,Hedda Samuelson,Friendship V,1:00:00 PM,4:00:00 PM,Canon 60D,2,NE,5.3,40,14.3,16.7,10.1,Flood,TRUE,1,Mount Desert Rock,,2,La,15,2:46:00 PM,,44.04,68.05,,,
720,1,31-Jul-18,Trevor Barclay,Atlanticat,8:30:00 AM,1:00:00 PM,Canon 60D,0,SSW,3.5,100,15,12.8,11.1,Slack,TRUE,1,Ballpark,,1,La,10,10:00:00 AM,10:05:00 AM,44.18,67.83,10,270,
721,2,31-Jul-18,Trevor Barclay,Atlanticat,2:35:00 PM,6:00:00 PM,Canon 60D,2,SSW,4.6,20,15,12.8,11.1,Ebb,TRUE,1,Ballpark,,3,La,50,3:40:00 PM,4:10:00 PM,44.11,67.83,50,350,
723,1,04-Aug-18,Trevor Barclay,Friendship V,1:00:00 PM,5:00:00 AM,Canon 60D,2,SSW,12.7,100,16.7,13.9,11.1,Flood,TRUE,1,Ballpark,,1,La,10,3:30:00 PM,3:35:00 PM,44.13,67.86,15,30,
724,1,05-Aug-18,Trevor Barclay,Atlanticat,8:30:00 AM,12:00:00 PM,Canon 60D,1,SW,11.5,0,16.7,12.8,10.6,Ebb,FALSE,1,Ballpark,,2,La,50,9:50:00 AM,10:01:00 AM,44.15,67.83,150,300,
726,1,06-Aug-18,Zoe Wong,Friendship V,1:00:00 PM,4:30:00 PM,Canon 60D,2,SW,8.2,5,17.2,15.2,11.8,Flood,TRUE,0,Ballpark,,2,Pp,5,1:59:00 PM,1:59:00 PM,44.16,67.84,35,80,
729,1,08-Aug-18,Trevor Barclay,Atlanticat,8:30:00 AM,12:30:00 PM,Canon 60D,1,WSW,4.6,100,16.7,14.4,11.1,Slack,FALSE,1,Ballpark,,2,La,25,10:52:00 AM,11:10:00 AM,44.13,67.87,150,300,
730,1,07-Aug-18,Zoe Wong,Atlanticat,8:30:00 AM,1:10:00 PM,Canon 60D,1,SW,6.2,0,18.5,15.7,10.8,Ebb,TRUE,1,Ballpark,,2,Dd,6,10:30:00 AM,10:36:00 AM,44.10,-67.78,30,225,
730,1,07-Aug-18,Zoe Wong,Atlanticat,8:30:00 AM,1:10:00 PM,Canon 60D,1,SW,6.2,0,18.5,15.7,10.8,Ebb,TRUE,1,Ballpark,,6,La,50,11:49:00 AM,12:02:00 PM,44.12,67.88,400,30,
731,2,07-Aug-18,Zoe Wong,Atlanticat,2:30:00 PM,5:10:00 PM,Canon 60D,2,SSW,12.7,30,18.2,16.1,11.6,Flood,TRUE,1,Ballpark,,2,La,50,3:23:00 PM,3:23:00 PM,44.13,67.87,,340,
732,1,10-Aug-18,Zoe Wong,Atlanticat,8:30:00 AM,1:30:00 PM,Canon 60D,2,W,5.5,5,16.5,13.8,11.1,Flood,TRUE,1,"Ballpark, MDR",,1,La,200,9:38:00 AM,9:45:00 AM,44.34,67.86,0,5,
699,1,12-Jul-18,Hedda Samuelson,Friendship V,1:00:00 PM,5:57:00 PM,Canon 60D,2,SSW,5,20,14.8,13.9,9.4,Ebb,TRUE,1,Grand Manan,,1,La,50,2:36:00 PM,,44.11,67.14,,,
700,1,15-Jul-18,Hedda Samuelson,Atlanticat,8:30:00 AM,1:30:00 PM,Canon 60D,1,SE,1.9,70,13.1,12.2,10.1,Flood,TRUE,1,Grand Manan,,2,Tt,30,10:49:00 AM,,44.14,-67.11,,,
701,2,15-Jul-18,Hedda Samuelson,Atlanticat,1:33:00 PM,6:30:00 PM,Canon 60D,2,SE,1.9,70,13.9,13.1,9.5,Slack,TRUE,1,Grand Manan,,2,Tt,20,4:32:00 PM,4:46:00 PM,44.07,-67.07,500,270,
709,1,19-Jul-18,Kat Burns,Friendship V,8:30:00 AM,1:30:00 PM,Canon 60D,2,WSW,1.1,0,15.7,11,10.2,Ebb,TRUE,1,"Petit Manan, MDR, East Bumps",,1,La,50,10:30:00 AM,10:50:00 AM,43.98,67.88,150,215,
735,1,12-Aug-18,Trevor Barclay,Atlanticat,8:30:00 AM,12:00:00 PM,Canon 60D,2,NNE,8.1,100,15,15,13.9,Flood,TRUE,0,Ballpark,,1,La,10,9:55:00 AM,10:05:00 AM,44.16,67.86,25,10,
736,2,12-Aug-18,Trevor Barclay,Atlanticat,1:00:00 PM,4:40:00 PM,Canon 60D,2,NE,9.2,100,15,15,11.1,Ebb,TRUE,0,Ballpark,,2,La,25,2:22:00 PM,2:30:00 PM,44.10,67.80,1600,60,
737,1,13-Aug-18,Trevor Barclay,Atlanticat,1:00:00 PM,4:45:00 PM,Canon 60D,2,NE,6.9,100,15.6,13.3,11.1,Slack,TRUE,1,Ballpark,,4,La,30,3:23:00 PM,3:35:00 PM,44.13,67.82,800,75,
738,1,13-Aug-18,Hedda Samuelson,Atlanticat,8:30:00 AM,1:00:00 PM,Canon 60D,1,NE,7.1,80,15.5,13.8,12.1,Flood,TRUE,0,Ballpark,,1,La,75,9:59:00 AM,,44.34,68.01,500,240,
739,2,13-Aug-18,Hedda Samuelson,Atlanticat,2:36:00 PM,6:30:00 PM,Canon 60D,1,NE,9.7,70,14.7,14.2,12.1,Flood,TRUE,1,Ballpark,,2,La,150,3:29:00 PM,4:29:00 PM,44.33,67.96,,,
740,1,14-Aug-18,Hedda Samuelson,Friendship V,1:00:00 PM,4:30:00 PM,Canon 60D,1,NE,4.7,100,14.1,14.6,14.5,Slack,TRUE,2,Ballpark,,3,La,100,3:02:00 PM,3:30:00 PM,44.32,67.91,,,
967,1,24-Jun-21,Bradlie Morgan,Friendship V,1:00:00 PM,4:00:00 PM,Canon 60D,2,S,5,10,14.1,11.2,8.8,Ebb,TRUE,1,"East Bumps, Ball Park",2.90,1,Pp,1,1:49:00 PM,1:49:00 PM,44.25,-67.81,10,,
967,1,24-Jun-21,Bradlie Morgan,Friendship V,1:00:00 PM,4:00:00 PM,Canon 60D,2,S,5,10,14.1,11.2,8.8,Ebb,TRUE,1,"East Bumps, Ball Park",2.90,3,Pp,1,2:28:00 PM,2:32:00 PM,44.23,-67.70,,,
967,1,24-Jun-21,Bradlie Morgan,Friendship V,1:00:00 PM,4:00:00 PM,Canon 60D,2,S,5,10,14.1,11.2,8.8,Ebb,TRUE,1,"East Bumps, Ball Park",2.90,4,Pp,1,3:06:00 PM,3:11:00 PM,44.14,-67.83,,,
973,2,11-Jul-21,Bradlie Morgan,Friendship V,2:30:00 PM,7:15:00 PM,Canon 60D,3,SSW,6,70,15.8,13.3,11.1,Ebb,TRUE,1,Grand Manan,2.971,1,Pp,1,3:33:00 PM,3:36:00 PM,44.15,-67.69,30,,
974,1,11-Jul-21,Bradlie Morgan,Friendship V,8:50:00 AM,1:00:00 PM,Canon 60D,2,SW,5,40,14.8,13.7,10.8,Flood,TRUE,1,Schoodic Ridge,2.994,1,Pp,1,9:58:00 AM,10:00:00 AM,44.22,-67.62,,,
974,1,11-Jul-21,Bradlie Morgan,Friendship V,8:50:00 AM,1:00:00 PM,Canon 60D,2,SW,5,40,14.8,13.7,10.8,Flood,TRUE,1,Schoodic Ridge,2.994,7,Pp,3,11:15:00 AM,11:16:00 AM,44.09,-67.72,50,,
976,2,12-Jul-21,Abigail Simms,Friendship V,2:30:00 PM,7:30:00 PM,Canon 60D,2,ESE,2.6,20,14.3,12.7,10.5,Flood,TRUE,1,"East Bumps, Outer Schoodic Ridge",3,1,La,5,3:56:00 PM,4:15:00 PM,44.13,-67.64,800,310,
985,1,20-Jul-21,Abigail Simms,Friendship V,8:30:00 AM,1:30:00 PM,Canon 60D,2,W,2.2,30,13.1,11.8,10.4,Flood,TRUE,1,"Ballpark, Grand Manan Banks",0.7,3,La,100,10:51:00 AM,11:16:00 AM,44.11,-67.14,3,,
670,2,01-Jul-18,Trevor Barclay,Atlanticat,1:00:00 PM,6:30:00 PM,Canon 60D,1,W,4.7,40,16.7,12.8,8.9,Flood,TRUE,1,Grand Manan,,2,Pp,1,3:07:00 PM,4:10:00 PM,44.37,68.15,100,40,
672,1,04-Jul-18,Trevor Barclay,Atlanticat,8:30:00 AM,12:00:00 PM,Canon 60D,0,NNW,3.5,20,17.2,11.1,0,Ebb,FALSE,1,Grand Manan,,1,Pp,3,9:44:00 AM,9:47:00 AM,44.27,67.69,,,
679,1,05-Jul-18,Abby Shaughnessy,Atlanticat,8:30:00 AM,1:30:00 PM,Canon 60D,1,SW,7.8,20,13.8,10.3,8.9,Ebb,TRUE,1,Grand Manan/ Southwest Bank,,3,La,25,11:25:00 AM,11:33:00 AM,44.18,-67.10,50,115,
682,1,11-Jul-18,Trevor Barclay,Friendship V,1:00:00 PM,6:00:00 PM,Canon 60D,,NE,8.1,10,15.6,12.5,10,Ebb,FALSE,1,Grand Manan,,6,La,30,4:30:00 PM,4:50:00 PM,44.18,67.35,5,10,
685,1,12-Jul-18,Zoe Wong,Atlanticat,8:30:00 AM,1:30:00 PM,Canon 60D,3,N,6.7,10,14.9,12.9,9.9,Flood,TRUE,1,Grand Manan,,6,La,25,11:28:00 AM,11:48:00 AM,44.16,-67.08,50,,
686,2,12-Jul-18,Zoe Wong,Atlanticat,2:30:00 PM,7:30:00 PM,Canon 60D,1,SSW,4.5,30,16.4,15.7,9.9,Ebb,TRUE,1,Grand Manan,,1,La,25,4:12:00 PM,4:12:00 PM,44.19,67.35,800,215,
1044,1,03-Sep-21,Abigail Simms,Friendship V,2:30:00 PM,7:30:00 PM,Canon 60D,1,W,4.1,80,16,13.8,12.9,Slack,TRUE,1,Grand Manan Banks,3,1,La,30,4:17:00 PM,4:21:00 PM,44.14,-67.15,100,240,
1047,1,08-Sep-21,Bradlie Morgan,Friendship V,11:00:00 AM,3:30:00 PM,Canon 60D,2,S,11,30,15.8,14.3,12.9,Slack,FALSE,1,"Ball park, Outer Schoodic Ridges, East Bumps",2.965,1,Pp,8,2:50:00 PM,3:00:00 PM,44.32,38.04,20,270,
1055,1,28-Sep-21,Bradlie Morgan,Friendship V,11:00:00 AM,2:30:00 PM,Canon 60D,2,NE,3,100,14.5,14.1,13,Ebb,FALSE,1,Great Duck Island and area southwest of Great Duck Island,2.99,1,La,20,1:04:00 PM,1:25:00 PM,44.12,-68.32,20,0,
1056,1,29-Sep-21,Helene Bartsch,Friendship V,11:00:00 AM,5:00:00 PM,Canon 60D,3,N,6,50,15,14.1,13.1,Slack,TRUE,1,Grand Manan Banks - North East Bank,2.994,1,La,75,12:10:00 PM,12:21:00 PM,44.21,-67.64,150,15,
1060,1,04-Oct-21,Helene Bartsch,Friendship V,11:00:00 AM,4:00:00 PM,Canon 60D,2,ENE,9,15,11.7,13.5,13,Slack,TRUE,0,Grand Manan Banks - Northeast Bank,2.683,2,La,300,1:35:00 PM,1:42:00 PM,44.30,-67.01,150,60,
1063,1,05-Oct-21,Bradlie Morgan,Friendship V,11:00:00 AM,4:20:00 PM,Canon 60D,1,NE,8,20,13,13.2,13.1,Ebb,TRUE,0,"Grand Manan Banks, Northeast Bank",2.99,1,La,10,12:49:00 PM,12:55:00 PM,44.30,-67.14,30,200,
805,1,04-Oct-18,Abby Shaughnessy,Atlanticat,12:00:00 PM,4:00:00 PM,Canon 60D,2,SW,11.9,95,12.3,12.8,12.5,Ebb,TRUE,1,Mount Desert Rock,,2,La,50,1:12:00 PM,1:17:00 PM,44.00,68.11,50,240,
834,2,10-Jul-19,Sarah Rappaport,Friendship V,1:00:00 PM,6:20:00 PM,Canon 60D,1,ESE,4,75,14.4,10.7,9.2,Ebb,TRUE,0,Grand Manan,2.99817,6,Dd,25,3:48:00 AM,3:55:00 AM,44.12,-67.10,1600,270,
841,2,23-Jul-19,Sarah Rappaport,Friendship V,1:00:00 PM,6:30:00 PM,Canon 60D,1,NE,4,60,14.6,12.7,9.3,Flood,TRUE,1,Grand Manan,2.91047,5,La,50,5:50:00 PM,6:00:00 PM,44.23,67.58,100,230,
844,2,24-Jul-19,Sarah Rappaport,Friendship V,1:00:00 PM,6:15:00 PM,Canon 60D,2,SW,5,60,13.7,12.1,10,Flood,TRUE,1,Grand Manan,2.87322,5,La,50,4:25:00 PM,4:30:00 PM,44.07,67.13,600,200,
692,1,09-Jul-18,Hedda Samuelson,Atlanticat,8:30:00 AM,1:30:00 PM,Canon 60D,2,SE,9.2,0,13.6,13.9,9.3,Ebb,TRUE,1,Grand Manan,,3,La,5,11:51:00 AM,11:58:00 AM,44.16,67.22,,,
694,1,13-Jul-18,Trevor Barclay,Atlanticat,8:30:00 AM,1:45:00 PM,Canon 60D,1,NW,9.2,10,13.3,12.2,0,Flood,FALSE,2,Grand Manan,,1,La,2,10:42:00 AM,10:45:00 AM,44.18,67.17,20,90,
694,1,13-Jul-18,Trevor Barclay,Atlanticat,8:30:00 AM,1:45:00 PM,Canon 60D,1,NW,9.2,10,13.3,12.2,0,Flood,FALSE,2,Grand Manan,,4,La,200,12:39:00 PM,12:46:00 PM,44.23,67.58,5,90,
696,1,14-Jul-18,Zoe Wong,Friendship V,1:00:00 PM,5:30:00 PM,Canon 60D,0,NNE,4.5,60,13.2,13.5,9.9,Ebb,TRUE,1,Grand Manan,,2,La,100,2:16:00 PM,2:20:00 PM,44.19,67.43,0,300,
696,1,14-Jul-18,Zoe Wong,Friendship V,1:00:00 PM,5:30:00 PM,Canon 60D,0,NNE,4.5,60,13.2,13.5,9.9,Ebb,TRUE,1,Grand Manan,,9,La,50,3:55:00 PM,3:58:00 PM,44.17,67.36,200,210,
743,1,01-Aug-18,Abby Shaughnessy,Atlanticat,8:30:00 AM,1:00:00 AM,Canon 60D,1,SSW,4.3,75,13.4,12.5,10.6,Flood,TRUE,1,Ballpark,,1,La,50,9:40:00 AM,9:50:00 AM,44.14,67.82,10,240,
744,1,16-Aug-18,Hedda Samuelson,Atlanticat,8:30:00 AM,12:00:00 PM,Canon 60D,1,SW,4.5,90,15.1,13.2,11.9,Ebb,TRUE,2,Ballpark,,2,La,100,10:05:00 AM,11:04:00 AM,44.14,68.00,500,150,
746,1,16-Aug-18,Francesca Gundrum,Friendship V,1:05:00 PM,,Canon 60D,,SW,6,40,15.6,12.8,52,Flood,TRUE,,Ballpark,,,La,15,2:07:00 PM,2:45:00 PM,44.20,68.02,,,
747,1,17-Aug-18,Trevor Barclay,Friendship V,1:00:00 PM,4:30:00 PM,Canon 60D,,SE,4.6,40,15.6,13.3,11.1,,TRUE,4,Mount Desert Rock,,4,La,20,2:30:00 PM,2:56:00 PM,44.03,68.12,100,90,
751,3,21-Aug-18,Hedda Samuelson,Friendship V,4:30:00 PM,7:30:00 PM,Canon 60D,1,NE,2.4,0,17.2,14.7,11.3,Flood,TRUE,2,Ballpark,,2,La,75,5:39:00 PM,6:07:00 PM,44.36,67.92,50,315,
752,1,31-Jul-18,Kat Burns,Friendship V,1:00:00 PM,5:30:00 PM,Canon 60D,1,SW,6.4,60,16.2,12.9,10.8,Flood,TRUE,1,Ballpark,,4,La,50,3:04:00 PM,3:25:00 PM,44.09,67.82,50,125,
754,1,07-Aug-18,Kat Burns,Friendship V,1:00:00 PM,5:30:00 PM,Canon 60D,2,SW,10.3,60,18.1,16.2,10.9,Flood,TRUE,1,Ballpark,,1,La,50,1:50:00 PM,2:05:00 PM,44.14,67.87,20,115,
758,1,20-Aug-18,Kat Burns,Friendship V,8:30:00 AM,11:45:00 PM,Canon 60D,2,NE,7.8,30,14.3,12.6,11.7,Ebb,TRUE,1,Mount Desert Rock,,2,La,30,9:31:00 AM,9:40:00 AM,43.97,67.12,30,110,
782,1,01-Sep-18,Zoe Wong,Atlanticat,1:00:00 PM,4:00:00 PM,Canon 60D,0,NNE,1.2,0,17,15,12,Flood,TRUE,0,Ballpark,,1,La,150,1:49:00 PM,1:56:00 PM,44.17,67.90,500,180,
783,2,01-Sep-18,Hedda Samuelson,Atlanticat,4:30:00 PM,7:30:00 PM,Canon 60D,1,NE,0.9,0,18.8,14.3,12.4,Ebb,TRUE,1,Ballpark,,2,La,100,6:20:00 PM,6:36:00 PM,44.25,68.01,300,120,
789,1,30-Aug-18,Abby Shaughnessy,Friendship V,2:30:00 PM,6:00:00 PM,Canon 60D,1,NNW,6.2,40,17.4,14.9,11.9,Ebb,TRUE,1,Ballpark,,1,La,50,3:20:00 PM,3:30:00 PM,44.13,67.81,30,210,
790,1,08-Sep-18,Zoe Wong,Atlanticat,12:00:00 PM,3:45:00 PM,Canon 60D,2,NE,2.5,25,15.4,13.8,12.3,Ebb,TRUE,1,Ballpark,,5,La,200,2:12:00 PM,2:38:00 PM,44.12,67.84,400,25,
793,2,02-Sep-18,Abby Shaughnessy,Atlanticat,4:30:00 PM,7:45:00 PM,Canon 60D,1,SSW,7.1,95,16.3,13.6,12.1,Ebb,TRUE,1,Ballpark,,1,La,100,5:21:00 PM,5:35:00 PM,44.17,67.88,10,300,
661,1,23-Jun-18,Zoe Wong,Friendship V,8:30:00 AM,12:50:00 PM,Canon 60D,0,E,4.3,100,11.4,9.4,8,Ebb,TRUE,0,"East Bumps, Ballpark",,2,Pp,2,11:28:00 AM,11:29:00 AM,44.02,67.90,30,,
794,1,05-Sep-18,Abby Shaughnessy,Atlanticat,12:00:00 PM,3:30:00 PM,Canon 60D,1,E,2.9,20,16.3,14.4,12.5,Flood,TRUE,0,Ballpark,,2,La,50,1:00:00 PM,1:10:00 PM,44.13,67.81,800,150,
795,1,02-Sep-18,Abby Shaughnessy,Atlanticat,12:00:00 PM,3:30:00 PM,Canon 60D,0,NNE,8.8,75,15,14.6,12.5,Ebb,TRUE,0,Ballpark,,2,La,50,12:55:00 PM,1:50:00 PM,44.13,67.81,15,210,
796,1,15-Sep-18,Hedda Samuelson,Atlanticat,6:00:00 AM,2:30:00 PM,Canon 60D,2,SW,7.8,75,13.9,14.6,0,Ebb,TRUE,4,Grand Manan,,2,Dd,50,11:50:00 AM,,44.08,67.37,5,210,
796,1,15-Sep-18,Hedda Samuelson,Atlanticat,6:00:00 AM,2:30:00 PM,Canon 60D,2,SW,7.8,75,13.9,14.6,0,Ebb,TRUE,4,Grand Manan,,3,Dd,20,1:15:00 PM,1:22:00 PM,43.99,67.88,300,300,
797,1,14-Sep-18,Abby Shaughnessy,Atlanticat,12:00:00 PM,4:15:00 PM,Canon 60D,1,NE,2.9,5,15.2,13.3,12.2,Flood,TRUE,2,Mount Desert Rock,,1,La,100,2:33:00 PM,2:40:00 PM,43.96,68.13,800,35,
798,1,17-Sep-18,Zoe Wong,Atlanticat,12:00:00 PM,4:30:00 PM,Canon 60D,3,SW,12.2,0,15.9,14.3,12.3,Slack,TRUE,0,Mount Desert Rock,,2,La,50,2:51:00 PM,3:00:00 PM,44.99,68.11,300,75,
803,1,29-Sep-18,Hedda Samuelson,Atlanticat,12:00:00 PM,4:00:00 PM,Canon 60D,2,NNE,9.9,30,15.4,13.8,12.6,Slack,TRUE,1,Mount Desert Rock,,1,La,100,1:10:00 PM,1:40:00 PM,43.99,68.12,100,210,
867,1,04-Aug-19,Nicole Pegg,Atlanticat,8:30:00 AM,2:00:00 PM,Canon 60D,1,NE,4,95,14.2,11.5,9.9,Flood,TRUE,1,"Ballpark, Grand Manan Banks",2.49718,2,La,150,10:22:00 AM,10:33:00 AM,44.12,-67.44,60,,
867,1,04-Aug-19,Nicole Pegg,Atlanticat,8:30:00 AM,2:00:00 PM,Canon 60D,1,NE,4,95,14.2,11.5,9.9,Flood,TRUE,1,"Ballpark, Grand Manan Banks",2.49718,4,La,70,11:03:00 AM,11:06:00 AM,44.13,-67.17,90,,
871,2,06-Aug-19,Brooke Davis,Atlanticat,2:30:00 PM,7:00:00 PM,Canon 60D,2,SSE,3.4,80,14.7,13.5,0,Slack,TRUE,1,Grand Manan Banks,2.95973,1,La,50,4:19:00 PM,4:24:00 PM,44.10,67.19,200,20,
871,2,06-Aug-19,Brooke Davis,Atlanticat,2:30:00 PM,7:00:00 PM,Canon 60D,2,SSE,3.4,80,14.7,13.5,0,Slack,TRUE,1,Grand Manan Banks,2.95973,3,La,50,4:52:00 PM,5:15:00 PM,44.09,67.17,100,240,
872,1,07-Aug-19,Brooke Davis,Friendship V,1:00:00 PM,6:30:00 PM,Canon 60D,2,S,4,100,14.4,0,0,Flood,TRUE,0,Grand Manan Banks,,1,La,50,2:11:00 PM,2:20:00 PM,44.21,-67.62,100,170,
873,1,10-Aug-19,Brooke Davis,Friendship V,1:00:00 PM,6:00:00 PM,Canon 60D,3,SW,9,,15.5,0,0,Slack,TRUE,0,"East Bumps, 5mi north of MDR",,1,La,50,3:14:00 PM,3:21:00 PM,44.12,-67.78,200,280,
899,1,26-Aug-19,Nicole Pegg,Atlanticat,8:30:00 AM,1:45:00 PM,Canon 60D,2,NNE,7,60,12.8,12.2,10.9,Ebb,TRUE,1,Grand Manan Banks,2.98135,1,La,50,9:29:00 AM,9:33:00 AM,44.22,-67.62,150,,
899,1,26-Aug-19,Nicole Pegg,Atlanticat,8:30:00 AM,1:45:00 PM,Canon 60D,2,NNE,7,60,12.8,12.2,10.9,Ebb,TRUE,1,Grand Manan Banks,2.98135,9,La,75,10:37:00 AM,11:33:00 AM,44.14,-67.08,1600,,
906,1,10-Jul-19,Anne Harshbarger,Atlanticat,8:30:00 AM,1:15:00 PM,Canon 60D,1,E,3,25,14.6,10.7,9.2,Ebb,TRUE,1,"East Bumps, Grand Manan Banks",2.99,8,La,,,,44.15,-67.16,400,100,
911,1,20-Jul-19,Anne Harshbarger,Atlanticat,8:30:00 AM,1:30:00 PM,Canon 60D,2,WSW,7,5,15.6,11.9,8,Flood,TRUE,1,Grand Manan Banks,2.77,1,La,,10:55:00 AM,11:01:00 AM,44.23,-67.05,100,120,
915,1,15-Sep-19,Sarah Rappaport,Atlanticat,12:00:00 PM,4:00:00 PM,Canon 60D,1,WSW,10,20,14.1,12.9,11.5,Flood,TRUE,1,Ballpark,2850.40,1,La,75,1:20:00 PM,1:37:00 PM,44.11,-67.79,100,175,
917,1,,Grace Leary,Atlanticat,1:30:00 PM,5:30:00 PM,Canon 60D,1,SSW,2.4,10,15.8,13.4,9.4,Slack,TRUE,1,Grand Manan Banks,10+,1,La,25,2:15:00 PM,2:27:00 PM,44.18,-67.56,,225,
918,2,24-Jul-19,Anne Harshbarger,Atlanticat,2:45:00 PM,7:45:00 PM,Canon 60D,2,SW,7,60,14.6,12.7,9.3,Slack,TRUE,1,Grand Manan Banks,2.8,3,La,,4:26:00 PM,7:44:00 PM,44.12,-67.16,200,275,
920,2,03-Aug-19,Anne Harshbarger,Atlanticat,2:30:00 PM,6:15:00 PM,Canon 60D,2,SSW,12,60,14.8,13,9.8,Ebb,TRUE,1,Ballpark,2.62,1,La,,3:55:00 PM,4:05:00 PM,44.13,-67.81,150,300,
921,1,06-Aug-19,Anne Harshbarger,Friendship V,1:00:00 PM,6:00:00 PM,Canon 60D,1,SSE,9,25,14.8,13.2,10.1,Flood,TRUE,1,Grand Manan Banks,2.99,1,La,1,2:54:00 PM,3:03:00 PM,44.15,-67.27,0,,
922,1,07-Aug-19,Anne Harshbarger,Atlanticat,8:30:00 AM,1:30:00 PM,Canon 60D,1,SSE,8,100,13.9,11.5,10,Slack,TRUE,1,Grand Manan Banks (SW Bank),0.293,1,La,,10:44:00 AM,11:00:00 AM,44.13,-67.12,30,180,
925,1,14-Aug-19,Anne Harshbarger,Atlanticat,8:30:00 AM,12:30:00 PM,Canon 60D,1,NE,12,100,13.9,12.5,10.4,Flood,TRUE,1,East bumps,2.99,1,La,,10:28:00 AM,10:47:00 AM,44.20,-67.66,100,240,
927,1,15-Aug-19,Anne Harshbarger,Friendship V,1:00:00 PM,7:00:00 PM,Canon 60D,1,SSE,5,30,16.5,12,10.5,Ebb,TRUE,1,"Ballpark, Grand Manan Banks",2.99,4,La,,2:56:00 PM,3:00:00 PM,44.11,-67.62,,,
927,1,15-Aug-19,Anne Harshbarger,Friendship V,1:00:00 PM,7:00:00 PM,Canon 60D,1,SSE,5,30,16.5,12,10.5,Ebb,TRUE,1,"Ballpark, Grand Manan Banks",2.99,5,La,,3:07:00 PM,3:08:00 PM,44.11,-67.62,,,
927,1,15-Aug-19,Anne Harshbarger,Friendship V,1:00:00 PM,7:00:00 PM,Canon 60D,1,SSE,5,30,16.5,12,10.5,Ebb,TRUE,1,"Ballpark, Grand Manan Banks",2.99,7,La,,3:22:00 PM,3:23:00 PM,44.11,-67.19,,,
927,1,15-Aug-19,Anne Harshbarger,Friendship V,1:00:00 PM,7:00:00 PM,Canon 60D,1,SSE,5,30,16.5,12,10.5,Ebb,TRUE,1,"Ballpark, Grand Manan Banks",2.99,8,La,,3:34:00 PM,3:39:00 PM,44.13,-67.14,,,
934,1,01-Sep-19,Anne Harshbarger,Atlanticat,8:30:00 AM,12:30:00 PM,Canon 60D,1,N,6,5,14.3,12.9,11.5,Flood,TRUE,0,Ballpark,2.99,2,La,,10:40:00 AM,10:50:00 AM,44.13,-67.61,400,100,
936,1,12-Aug-19,Grace Leary,Atlanticat,8:30:00 AM,1:00:00 PM,Canon 60D,1,SW,2.9,70,14.7,12.7,10.3,Flood,TRUE,1,North East of East Bumps,10 +,3,La,15,11:02:00 AM,11:15:00 AM,44.12,-67.83,,,
936,1,12-Aug-19,Grace Leary,Atlanticat,8:30:00 AM,1:00:00 PM,Canon 60D,1,SW,2.9,70,14.7,12.7,10.3,Flood,TRUE,1,North East of East Bumps,10 +,4,La,50,11:37:00 AM,11:49:00 AM,44.03,-67.80,,,
990,1,01-Aug-21,Abigail Simms,Friendship V,8:30:00 AM,1:30:00 PM,Canon 60D,2,SSW,1.7,0,15,13.4,11.5,Ebb,TRUE,1,Grand Manan Banks,3,1,La,10,9:50:00 AM,9:57:00 AM,44.18,-67.46,30,,
991,2,01-Aug-21,Abigail Simms,Friendship V,2:30:00 PM,7:30:00 PM,Canon 60D,2,S,2,10,15.7,14,12.8,Flood,TRUE,1,Grand Manan Banks,3,1,La,30,3:55:00 PM,4:00:00 PM,44.16,-67.41,100,,
993,1,03-Aug-21,Abigail Simms,Friendship V,8:30:00 AM,1:30:00 PM,Canon 60D,1,SW,3.2,20,14.9,14.1,11.4,Ebb,TRUE,1,Grand Manan Banks,3,1,La,30,9:55:00 AM,,44.09,-67.14,100,40,
994,2,03-Aug-21,Abigail Simms,Friendship V,2:30:00 PM,7:30:00 PM,Canon 60D,2,SSW,5.7,75,15.7,14.4,11.1,Flood,TRUE,1,Grand Manan Banks,3,1,La,5,3:50:00 PM,3:52:00 PM,44.16,-67.55,50,180,
998,2,19-Jul-21,Bradlie Morgan,Friendship V,2:30:00 PM,6:15:00 PM,Canon 60D,1,W,4,100,18.2,14.4,11.9,Flood,TRUE,0,"East Bumps, Hippo Nose, Bowl",2.996,1,La,15,3:41:00 PM,4:00:00 PM,44.21,-67.70,,,
999,1,27-Jul-21,Helene Bartsch,Friendship V,8:30:00 AM,1:30:00 PM,Canon 60D,1,WSW,8,10,14.1,11.6,11.1,Slack,TRUE,1,Middle of southwest Bank in Grand Manan Bank,2.343,3,La,75,11:40:00 AM,11:54:00 AM,44.90,-67.13,250,330,
1001,1,28-Jul-21,Helene Bartsch,Friendship V,8:30:00 AM,1:30:00 PM,Canon 60D,2,WNW,8,40,15.5,13.5,10.8,Slack,TRUE,1,Southwest part of Grand Manan Banks,2.860,2,La,10,9:50:00 AM,9:55:00 AM,44.19,-67.56,20,70,
1005,1,08-Aug-21,Helene Bartsch,Friendship V,8:30:00 AM,1:30:00 PM,Canon 60D,1,SW,3,70,15.9,14.5,11.7,Flood,TRUE,1,Grand Manan Banks - Southwest Bank,2.644,1,La,75,10:01:00 AM,10:07:00 AM,44.14,-67.39,150,90,
1007,1,22-Jul-21,Bradlie Morgan,Friendship V,8:30:00 AM,11:45:00 AM,Canon 60D,1,NNW,10,100,15.6,14.6,11.1,Ebb,TRUE,1,"Ball Park, east of Ball park",2.99,4,La,,10:00:00 AM,10:03:00 AM,44.16,-67.80,,,
1008,2,22-Jul-21,Bradlie Morgan,Friendship V,2:30:00 PM,6:15:00 PM,Canon 60D,1,SSW,7,20,16,15.1,10.9,Flood,TRUE,0,"Ball Park, East Bumps",2.99,2,La,,3:20:00 PM,4:12:00 PM,44.18,-67.82,,,
1009,1,24-Jul-21,Bradlie Morgan,Friendship V,8:35:00 AM,1:30:00 PM,Canon 60D,1,NE,6,5,16.2,14.9,11.3,Ebb,TRUE,1,"Bumps, south of Bumps, Ball Park, outer schoodic ridges, Bank Comfort, MDR",2.99,2,La,100,10:06:00 AM,10:17:00 AM,44.15,-67.65,,,
1010,2,24-Jul-21,Bradlie Morgan,Friendship V,2:30:00 PM,7:30:00 PM,Canon 60D,1,S,4,5,17,15.9,11.5,Slack,TRUE,0,"Bumps, SE Bump, Grand Manan Banks",2.99,1,La,100,3:42:00 PM,3:50:00 PM,44.17,-67.68,,,
1011,1,29-Jul-21,Bradlie Morgan,Friendship V,8:35:00 AM,1:30:00 PM,Canon 60D,1,S,1,15,19.4,16.4,13.2,Flood,TRUE,0,"Bumps, Grand Manan Banks",2.99,1,La,50,10:15:00 AM,10:24:00 AM,44.13,-67.21,100,,
1012,2,29-Jul-21,Bradlie Morgan,Friendship V,2:30:00 PM,7:30:00 PM,Canon 60D,1,S,12,15,18,16.8,12.3,Slack,TRUE,0,"Bumps, Grand Manan Banks",2.99,3,La,,4:40:00 PM,6:01:00 PM,44.16,-67.09,,,
1013,1,31-Jul-21,Bradlie Morgan,Friendship V,8:35:00 AM,12:30:00 PM,Canon 60D,3,WNW,12,10,15.2,14.6,11.8,Slack,FALSE,1,"MDR, Ballpark",2.99,1,La,20,10:51:00 AM,11:02:00 AM,44.15,-67.80,,,
1018,1,17-Aug-21,Helene Bartsch,Friendship V,8:30:00 AM,1:30:00 PM,Canon 60D,1,S,6,60,15.6,14,12,Flood,TRUE,0,Grand Manan Banks - Center of southwest bank,2.990,1,La,20,9:13:00 AM,9:20:00 AM,44.27,-67.83,60,60,
1022,1,19-Aug-21,Helene Bartsch,Friendship V,8:30:00 AM,1:30:00 PM,Canon 60D,2,SW,6,65,16.6,14.3,12.4,Flood,TRUE,1,Just about at the Grand Manan Banks - south of the southwest banks,2.933,1,Dd,10,10:05:00 AM,10:09:00 AM,44.13,-67.31,60,0,
1023,2,19-Aug-21,Helene Bartsch,Friendship V,2:30:00 PM,7:30:00 PM,Canon 60D,2,SSW,4,100,16.1,15.4,12,Flood,FALSE,1,On our way to Grand Manan Banks,.275,1,La,20,3:35:00 PM,3:40:00 PM,44.20,-67.60,20,40,
1025,2,04-Aug-21,Bradlie Morgan,Friendship V,2:35:00 PM,7:30:00 PM,Canon 60D,2,S,16,80,19.5,17.5,12.3,Flood,TRUE,1,Grand Manan Banks,2.996,1,La,,4:23:00 PM,5:48:00 PM,44.09,-67.14,,,
1028,1,21-Aug-21,Bradlie Morgan,Friendship V,8:35:00 AM,1:50:00 PM,Canon 60D,2,NE,10,100,14.4,13,12,Ebb,TRUE,1,Grand Manan Banks,2.66,1,La,20,12:42:00 PM,12:54:00 PM,44.20,-67.66,50,60,
1033,2,26-Aug-21,Helene Bartsch,Friendship V,2:30:00 PM,7:30:00 PM,Canon 60D,2,SSW,7,10,18.4,15,12.8,Slack,TRUE,1,Grand Manan Banks - Southwest Bank,2.524,3,La,60,5:22:00 PM,5:38:00 PM,44.14,-67.11,400,150,
1035,2,28-Aug-21,Helene Bartsch,Friendship V,2:30:00 PM,7:30:00 PM,Canon 60D,0,WSW,3,90,14.8,13.5,12,Slack,TRUE,0,Grand Manan Banks - Southwest Bank,2.994,2,La,150,4:01:00 PM,4:09:00 PM,44.12,-67.48,50,250,
1037,1,31-Aug-21,Bradlie Morgan,Friendship V,8:30:00 AM,1:15:00 PM,Canon 60D,3,SW,4,40,15.2,13,12.2,Ebb,TRUE,1,"4 mi before Bumps, Grand Manan banks",2.969,2,La,15,10:01:00 AM,10:05:00 AM,44.18,-67.46,50,300,
1038,1,01-Sep-21,Bradlie Morgan,Friendship V,8:35:00 AM,1:15:00 PM,Canon 60D,3,WNW,3,60,16.2,14.7,13.9,Ebb,TRUE,1,"Between Bumps and GMB, Grand Manan Banks",2.994,1,La,30,9:50:00 AM,9:57:00 AM,44.17,-67.50,50,270,
1097,1,10-Jul-22,Jess McCoppin,Friendship V,8:35:00 AM,1:45:00 PM,Canon 60D,1,NW,5.85,0,13.83,0,9.72,Ebb,TRUE,1,"Ballpark, SW Grand Manan Banks",2.99,1,La,50,9:39:00 AM,9:49:00 AM,44.16,-67.63,15,35,
1105,1,16-Jul-22,Jess McCoppin,Friendship V,8:33:00 AM,1:48:00 PM,Canon 60D,1,SW,4.5,80,13.55,0,10.12,Flood,TRUE,1,"East Bumps, SW Grand Manan Banks",2.99,3,La,100,10:21:00 AM,10:31:00 AM,44.25,-67.30,800,90,
1125,1,01-Aug-22,Jess McCoppin,Friendship V,8:36:00 AM,1:45:00 PM,Canon 60D,1,SW,5.66,95,15.46,0,11.06,Flood,TRUE,1,"East Bumps, NE Grand Manan Banks",2.86,1,La,100,10:14:00 AM,10:25:00 AM,44.14,-67.18,30,158,
1127,1,31-Jul-22,Morgan Pirozzi,Friendship V,8:30:00 PM,1:45:00 PM,Canon 60D,2,WSW,6.8,10,15.4,0,11.6,Flood,TRUE,1,Grand Manan Bank,10+,2,La,30,10:15:00 AM,10:28:00 AM,44.14,-67.04,,,
1150,2,20-Aug-22,Jess McCoppin,Friendship V,2:30:00 PM,6:15:00 PM,Canon 60D,1,SSW,5.79,0,18.29,0,12.83,Flood,TRUE,1,Mount Desert Rock,2.99,3,La,50,4:50:00 PM,4:57:00 PM,43.99,-68.14,800,250,
1161,1,04-Sep-22,Molly Tucker,Friendship V,11:02:00 AM,3:00:00 PM,Canon 60D,1,S,7.41,40,15.79,0,12.68,Flood,TRUE,0,Mount Desert Rock,2.99,1,La,30,11:56:00 AM,12:03:00 PM,44.05,-68.12,100,250,
1166,1,07-Sep-22,Molly Tucker,Friendship V,11:10:00 AM,3:07:00 PM,Canon 60D,1,NNE,5.36,5,14.31,0,12.86,Ebb,TRUE,1,Mount Desert Rock,2.93,1,La,30,12:12:00 PM,12:18:00 PM,44.04,-68.16,300,38,
1175,1,10-Sep-22,Molly Tucker,Friendship V,2:37:00 PM,6:00:00 PM,Canon 60D,1,E,4.6,0,16.18,0,13.02,Flood,TRUE,1,Mount Desert Rock,2.99,1,La,40,3:40:00 PM,3:49:00 PM,44.08,-68.14,200,200,
1178,1,21-Sep-22,Jess McCoppin,Friendship V,11:12:00 AM,3:30:00 PM,Canon 60D,2,NW,12.76,100,12.13,0,12.7,Ebb,TRUE,1,SW GMB,2.89,4,Tt,30,1:30:00 PM,1:45:00 PM,44.14,-67.34,0,,
1178,1,21-Sep-22,Jess McCoppin,Friendship V,11:12:00 AM,3:30:00 PM,Canon 60D,2,NW,12.76,100,12.13,0,12.7,Ebb,TRUE,1,SW GMB,2.89,5,La,30,2:15:00 PM,2:23:00 PM,44.19,-67.55,0,,
1211,1,20-Aug-20,Julie Taylor,Friendship V,1:00:00 PM,4:35:00 PM,,,,0,,0,0,0,Ebb,TRUE,,East Bumps,,3,La,1,4:06:00 PM,,44.29,-67.99,,,
1228,1,12-Oct-20,Julie Taylor,Friendship V,11:00:00 AM,3:05:00 PM,,,ENE,15,,0,0,0,Flood,TRUE,,"Outer Schoodic Ridges, Mount Desert Rock",,,La,,12:33:00 PM,,43.97,-67.67,,,
1228,1,12-Oct-20,Julie Taylor,Friendship V,11:00:00 AM,3:05:00 PM,,,ENE,15,,0,0,0,Flood,TRUE,,"Outer Schoodic Ridges, Mount Desert Rock",,,Tt,50,1:16:00 PM,,43.97,-67.95,,,
1256,2,13-Jul-23,Anna Amha,Atlanticat,2:35:00 AM,7:45:00 AM,Canon 60D,3,NNE,5.14,100,12.8,11.3,0,Slack,TRUE,1,Grand Manan Banks,157.31,1,La,5,4:17:00 PM,4:30:00 PM,44.08,-67.06,90,309,
1258,1,12-Jul-23,Shannon Nielson,Atlanticat,8:30:00 AM,1:45:00 PM,Canon 60D,1,SW,4.25,0,12,10.6,9.4,Ebb,TRUE,1,"East Bumps, Grand Manan Banks",0.0.61673,1,La,80,10:05:00 AM,10:21:00 AM,44.29,-67.57,10,,
1260,1,15-Jul-23,Shannon Nielson,Atlanticat,2:30:00 PM,6:30:00 PM,Canon 60D,1,SSE,6.49,100,14.3,10.6,9.1,Ebb,TRUE,1,"Cod Ledge, Mount Desert Rock",0.3189,2,La,20,4:43:00 PM,5:45:00 PM,44.20,-68.35,200,128,
1263,1,23-Jul-23,Makenna Powell,Atlanticat,2:35:00 PM,6:45:00 PM,Canon 60D,2,SW,4,100,15.1,11.1,10,Flood,TRUE,1,Mount Desert Rock,.153,2,La,10,4:20:00 PM,4:30:00 PM,44.03,-68.13,500,,
1263,1,23-Jul-23,Makenna Powell,Atlanticat,2:35:00 PM,6:45:00 PM,Canon 60D,2,SW,4,100,15.1,11.1,10,Flood,TRUE,1,Mount Desert Rock,.153,4,La,5,4:40:00 PM,4:45:00 PM,43.99,-68.10,200,,
1268,1,24-Jul-23,Makenna Powell,Atlanticat,8:35:00 AM,1:15:00 PM,Canon 60D,1,WSW,5,15,14.1,11.8,10.3,Flood,TRUE,1,"Mount Desert Rock, East Bumps",2.99,4,La,25,10:49:00 AM,10:56:00 AM,44.17,-67.77,,,
1268,1,24-Jul-23,Makenna Powell,Atlanticat,8:35:00 AM,1:15:00 PM,Canon 60D,1,WSW,5,15,14.1,11.8,10.3,Flood,TRUE,1,"Mount Desert Rock, East Bumps",2.99,5,La,10,11:55:00 AM,12:02:00 PM,44.17,-67.77,200,,
1268,1,24-Jul-23,Makenna Powell,Atlanticat,8:35:00 AM,1:15:00 PM,Canon 60D,1,WSW,5,15,14.1,11.8,10.3,Flood,TRUE,1,"Mount Desert Rock, East Bumps",2.99,6,La,30,12:00:00 PM,12:10:00 PM,44.19,-67.81,100,,
1269,2,24-Jul-23,Makenna Powell,Atlanticat,2:35:00 PM,7:15:00 PM,Canon 60D,2,SSW,4,30,14.4,11.8,10,Flood,TRUE,1,Grand Manan Banks,3,1,La,12,4:05:00 AM,4:14:00 AM,44.15,-67.27,,,
1269,2,24-Jul-23,Makenna Powell,Atlanticat,2:35:00 PM,7:15:00 PM,Canon 60D,2,SSW,4,30,14.4,11.8,10,Flood,TRUE,1,Grand Manan Banks,3,2,La,5,4:25:00 AM,4:26:00 AM,44.17,-67.38,200,,
1269,2,24-Jul-23,Makenna Powell,Atlanticat,2:35:00 PM,7:15:00 PM,Canon 60D,2,SSW,4,30,14.4,11.8,10,Flood,TRUE,1,Grand Manan Banks,3,7,La,5,5:38:00 PM,5:40:00 PM,44.33,-67.26,400,,
1270,1,27-Jul-23,Makenna Powell,Atlanticat,8:30:00 AM,2:00:00 PM,Canon 60D,3,SW,13,90,16.7,14.7,10.3,Flood,TRUE,1,"East Bumps, Grand Manan Banks",2.9,1,La,3,9:45:00 AM,9:52:00 AM,44.14,-67.58,,,
1280,1,10-Aug-23,Shannon Nielson,Atlanticat,8:30:00 AM,12:16:00 PM,Canon 60D,2,WSW,8,30,14,12.2,10.7,Ebb,TRUE,1,Mount Desert Rock,3,3,La,100,10:43:00 AM,10:56:00 AM,44.13,-68.21,300,60,
1282,1,07-Aug-23,Makenna Powell,Atlanticat,8:32:00 AM,12:20:00 PM,Canon 60D,2,E,6,50,14.4,13.5,10.8,Ebb,TRUE,2,Mount Desert Rock,3,4,La,50,9:56:00 AM,10:22:00 AM,44.24,-68.10,100,,
1282,1,07-Aug-23,Makenna Powell,Atlanticat,8:32:00 AM,12:20:00 PM,Canon 60D,2,E,6,50,14.4,13.5,10.8,Ebb,TRUE,2,Mount Desert Rock,3,5,La,50,11:04:00 AM,11:11:00 AM,44.23,-68.21,400,,
1283,2,07-Aug-23,Makenna Powell,Atlanticat,2:32:00 PM,6:00:00 PM,Canon 60D,3,NE,7,100,14.8,13.8,10.8,Flood,TRUE,3,Mount Desert Rock,3,4,La,10,4:27:00 PM,4:32:00 PM,44.10,-68.19,400,,
1290,1,17-Aug-23,Zoe Hosford,Atlanticat,8:32:00 AM,1:52:00 PM,Canon 60D,2,ENE,4,1,13.3,12.7,10.8,Flood,TRUE,1,Northeast Grand Manan Bank,3,1,La,15,10:19:00 AM,10:25:00 AM,44.45,-67.36,150,85,
1291,2,17-Aug-23,Zoe Hosford,Atlanticat,2:34:00 PM,6:35:00 PM,Canon 60D,2,ENE,6,90,13.6,12.6,11.2,Slack,TRUE,1,"East Bumps, Ballpark",3,1,La,10,3:33:00 PM,4:00:00 PM,44.41,-67.69,200,245,
1292,1,02-Aug-23,Anna Amha,Atlanticat,8:30:00 AM,12:10:00 PM,Canon 60D,2,NW,8.72,0,14.1,13.5,10.4,Flood,TRUE,1,MDR,3,3,La,15,11:25:00 AM,11:32:00 AM,44.04,-68.05,200,11,
1294,1,12-Aug-23,Anna Amha,Atlanticat,8:45:00 AM,12:00:00 PM,Canon 60D,2,WSW,12,75,15.1,13.1,11.1,Flood,TRUE,1,Mount Desert Rock,3,3,La,300,11:15:00 AM,11:24:00 AM,44.03,-68.07,100,183,
1297,2,15-Aug-23,Anna Amha,Atlanticat,2:30:00 PM,6:30:00 PM,Canon 60D,1,E,4,80,15.1,13.3,10.9,Slack,TRUE,1,Mount Desert Rock,3,1,La,80,3:22:00 PM,3:33:00 PM,44.02,-68.06,100,246,
1301,1,23-Aug-23,Makenna Powell,Atlanticat,8:35:00 AM,12:25:00 PM,Canon 60D,2,N,11,10,14.1,13.3,11.4,Ebb,TRUE,0,Mount Desert Rock,3,3,La,100,10:06:00 AM,10:15:00 AM,43.98,-68.30,400,,
1303,1,24-Aug-23,Zoe Hosford,Atlanticat,8:33:00 AM,11:45:00 AM,Canon 60D,1,WNW,6,10,14.4,13,11.2,Slack,TRUE,0,Mount Desert Rock,3,2,La,150,9:30:00 AM,10:14:00 AM,44.16,-68.25,100,165,
1312,1,16-Aug-23,Shannon Nielson,Atlanticat,8:39:00 AM,2:15:00 PM,Canon 60D,0,SSE,5,30,12.9,12.7,10.7,Flood,TRUE,0,Northeast Bank,0.1,1,La,30,11:24:00 AM,11:29:00 AM,44.32,-67.00,100,50,
1313,2,16-Aug-23,Shannon Nielson,Atlanticat,2:57:00 PM,7:59:00 PM,Canon 60D,0,NE,4,30,14,13.1,10.6,Ebb,TRUE,0,Grand Manan Banks,700,1,La,100,4:30:00 PM,4:37:00 PM,44.38,-67.33,500,110,
1321,1,05-Sep-23,Zoe Hosford,Atlanticat,11:01:00 AM,2:20:00 PM,Canon 60D,2,W,7,80,13.6,12.9,10.9,Slack,TRUE,1,Mount Desert Rock,3,2,La,10,12:11:00 PM,1:05:00 PM,45.10,-68.11,,,
1326,1,24-Sep-23,Shannon Nielson,Atlanticat,11:00:00 AM,4:58:00 PM,Canon 60D,1,NNE,4,100,12.8,13.3,12.3,Ebb,TRUE,0,"Outer Schoodic Ridges, Jones Ground",5,1,La,75,12:05:00 PM,12:25:00 PM,44.23,-67.64,400,120,
1327,1,26-Sep-23,Shannon Nielson,Atlanticat,11:00:00 AM,4:50:00 PM,Canon 60D,3,NE,15,0,11.1,12.1,12.4,Ebb,TRUE,1,"Outer Schoodic Ridges, Grand Manan Banks",24,,Tt,75,1:03:00 PM,1:20:00 PM,44.27,-67.40,400,150,
1328,1,23-Sep-23,Makenna Powell,Atlanticat,11:03:00 PM,4:30:00 PM,Canon 60D,1,SSW,3,50,12.7,13,12.1,Slack,TRUE,0,"East Bumps, Grand Manan Banks",3,4,La,50,12:47:00 PM,12:53:00 PM,44.38,-67.49,400,,
1328,1,23-Sep-23,Makenna Powell,Atlanticat,11:03:00 PM,4:30:00 PM,Canon 60D,1,SSW,3,50,12.7,13,12.1,Slack,TRUE,0,"East Bumps, Grand Manan Banks",3,8,La,100,2:25:00 PM,2:40:00 PM,44.32,-67.43,200,,
1329,1,28-Sep-23,Shannon Nielson,Atlanticat,11:00:00 AM,4:00:00 PM,Canon 60D,1,NNE,1,100,12.6,13.2,12.4,Ebb,TRUE,1,Grand Manan Banks,10,3,Dd,20,2:20:00 PM,2:25:00 PM,0.00,0.00,200,,
1331,1,30-Sep-23,Shannon Nielson,Atlanticat,11:00:00 AM,4:15:00 PM,Canon 60D,1,ENE,4,95,12.2,12.5,12.3,Flood,TRUE,1,Northeast Bank,10,1,La,75,12:18:00 PM,12:26:00 PM,44.31,67.56,700,300,
1365,2,28-Jun-24,Chloe Beittel,Atlanticat,2:30:00 PM,7:15:00 PM,Canon 60D,2,SSW,2.9,5,15.1,13.4,9,Flood,TRUE,1,"East Bumps, South West Grand Manan Banks",20,1,La,1,3:42:00 PM,3:46:00 PM,44.18,-67.57,100,164,
1421,2,22-Aug-24,Chloe Beittel,Friendship V,2:30:00 PM,6:15:00 PM,Canon 60D,1,S,2.9,10,15.4,13.7,10.9,Slack,TRUE,1,South Mount Desert Rock,20,1,Dd,50,3:30:00 PM,3:39:00 PM,44.00,-68.22,400,152,
1445,1,15-Sep-24,Chloe Beittel,Atlanticat,11:00:00 AM,4:00:00 PM,Canon 60D,1,SSW,2,0,14.2,12.9,11.5,Ebb,TRUE,0,"Hag line, South West Grand Manan Banks",20,2,Tt,2,12:45:00 PM,12:52:00 PM,44.10,-67.32,50,105,
1451,1,18-Sep-24,Chloe Beittel,Atlanticat,11:00:00 AM,5:00:00 PM,Canon 60D,2,SW,7,100,14.3,13.6,11.8,Ebb,TRUE,1,"Hague line, Southwest Grand Manan Banks, South of Northeast Grand Manan Banks",0.03,1,Tt,3,12:31:00 PM,12:43:00 PM,44.17,-67.37,150,281,
1456,1,27-Sep-24,Chloe Beittel,Atlanticat,11:00:00 AM,4:30:00 PM,Canon 60D,2,W,6,5,13.6,12.1,11.7,Slack,TRUE,1,South of Southwest Grand Manan Bank,20,1,La,5,12:46:00 PM,12:46:00 PM,44.03,-67.10,300,150,
1457,1,30-Sep-24,Chloe Beittel,Atlanticat,11:00:00 AM,5:30:00 PM,Canon 60D,1,W,2,5,13.7,12.3,11.5,Ebb,TRUE,0,Northeast Grand Manan Banks,20,1,La,15,12:54:00 PM,1:00:00 PM,44.23,-67.07,200,76,